-- phpMyAdmin SQL Dump
-- version 5.2.1
-- https://www.phpmyadmin.net/
--
-- Host: 127.0.0.1
-- Waktu pembuatan: 29 Jun 2026 pada 10.15
-- Versi server: 10.4.32-MariaDB
-- Versi PHP: 8.2.12

SET SQL_MODE = "NO_AUTO_VALUE_ON_ZERO";
START TRANSACTION;
SET time_zone = "+00:00";


/*!40101 SET @OLD_CHARACTER_SET_CLIENT=@@CHARACTER_SET_CLIENT */;
/*!40101 SET @OLD_CHARACTER_SET_RESULTS=@@CHARACTER_SET_RESULTS */;
/*!40101 SET @OLD_COLLATION_CONNECTION=@@COLLATION_CONNECTION */;
/*!40101 SET NAMES utf8mb4 */;

--
-- Database: `db_elibrary`
--

-- --------------------------------------------------------

--
-- Struktur dari tabel `anggota`
--

CREATE TABLE `anggota` (
  `id_anggota` int(11) NOT NULL,
  `nama` varchar(100) NOT NULL,
  `alamat` text DEFAULT NULL,
  `no_hp` varchar(20) DEFAULT NULL
) ENGINE=InnoDB DEFAULT CHARSET=utf8mb4 COLLATE=utf8mb4_general_ci;

--
-- Dumping data untuk tabel `anggota`
--

INSERT INTO `anggota` (`id_anggota`, `nama`, `alamat`, `no_hp`) VALUES
(1, 'Budi', 'Bekasi', '081234567890'),
(2, 'Siti', 'Jakarta', '082345678901'),
(3, 'Andi', 'Bandung', '083456789012');

-- --------------------------------------------------------

--
-- Struktur dari tabel `buku`
--

CREATE TABLE `buku` (
  `id_buku` int(11) NOT NULL,
  `judul` varchar(200) NOT NULL,
  `tahun_terbit` year(4) DEFAULT NULL,
  `stok` int(11) DEFAULT 0,
  `id_kategori` int(11) NOT NULL,
  `id_penulis` int(11) NOT NULL
) ENGINE=InnoDB DEFAULT CHARSET=utf8mb4 COLLATE=utf8mb4_general_ci;

--
-- Dumping data untuk tabel `buku`
--

INSERT INTO `buku` (`id_buku`, `judul`, `tahun_terbit`, `stok`, `id_kategori`, `id_penulis`) VALUES
(1, 'Naruto', '1999', 10, 1, 1),
(2, 'One Piece', '1997', 8, 1, 2),
(3, 'Laskar Pelangi', '2005', 6, 2, 3),
(4, 'Bumi', '2014', 7, 2, 4),
(5, 'Harry Potter', '1997', 5, 2, 5),
(6, 'Gangga', '2014', 12, 2, 2),
(7, 'MPASI', '2026', 123, 11, 5);

-- --------------------------------------------------------

--
-- Struktur dari tabel `kategori`
--

CREATE TABLE `kategori` (
  `id_kategori` int(11) NOT NULL,
  `nama_kategori` varchar(100) NOT NULL
) ENGINE=InnoDB DEFAULT CHARSET=utf8mb4 COLLATE=utf8mb4_general_ci;

--
-- Dumping data untuk tabel `kategori`
--

INSERT INTO `kategori` (`id_kategori`, `nama_kategori`) VALUES
(1, 'Komik'),
(2, 'Novel'),
(3, 'Pendidikan'),
(4, 'Teknologi'),
(5, 'Sejarah'),
(11, 'Resep');

-- --------------------------------------------------------

--
-- Struktur dari tabel `penulis`
--

CREATE TABLE `penulis` (
  `id_penulis` int(11) NOT NULL,
  `nama_penulis` varchar(100) NOT NULL
) ENGINE=InnoDB DEFAULT CHARSET=utf8mb4 COLLATE=utf8mb4_general_ci;

--
-- Dumping data untuk tabel `penulis`
--

INSERT INTO `penulis` (`id_penulis`, `nama_penulis`) VALUES
(1, 'Masashi Kishimoto'),
(2, 'Eiichiro Oda'),
(3, 'Andrea Hirata'),
(4, 'Tere Liye'),
(5, 'J.K. Rowling');

-- --------------------------------------------------------

--
-- Struktur dari tabel `users`
--

CREATE TABLE `users` (
  `id` int(11) NOT NULL,
  `username` varchar(50) NOT NULL,
  `password` varchar(255) NOT NULL,
  `token` varchar(255) DEFAULT NULL
) ENGINE=InnoDB DEFAULT CHARSET=utf8mb4 COLLATE=utf8mb4_general_ci;

--
-- Dumping data untuk tabel `users`
--

INSERT INTO `users` (`id`, `username`, `password`, `token`) VALUES
(1, 'admin', '21232f297a57a5a743894a0e4a801fc3', '6d6ed522480c89a63460d25717e5b76081cb623306b189bd11ffa97a1f3274ee');

--
-- Indexes for dumped tables
--

--
-- Indeks untuk tabel `anggota`
--
ALTER TABLE `anggota`
  ADD PRIMARY KEY (`id_anggota`);

--
-- Indeks untuk tabel `buku`
--
ALTER TABLE `buku`
  ADD PRIMARY KEY (`id_buku`),
  ADD KEY `fk_kategori` (`id_kategori`),
  ADD KEY `fk_penulis` (`id_penulis`);

--
-- Indeks untuk tabel `kategori`
--
ALTER TABLE `kategori`
  ADD PRIMARY KEY (`id_kategori`);

--
-- Indeks untuk tabel `penulis`
--
ALTER TABLE `penulis`
  ADD PRIMARY KEY (`id_penulis`);

--
-- Indeks untuk tabel `users`
--
ALTER TABLE `users`
  ADD PRIMARY KEY (`id`),
  ADD UNIQUE KEY `username` (`username`);

--
-- AUTO_INCREMENT untuk tabel yang dibuang
--

--
-- AUTO_INCREMENT untuk tabel `anggota`
--
ALTER TABLE `anggota`
  MODIFY `id_anggota` int(11) NOT NULL AUTO_INCREMENT, AUTO_INCREMENT=4;

--
-- AUTO_INCREMENT untuk tabel `buku`
--
ALTER TABLE `buku`
  MODIFY `id_buku` int(11) NOT NULL AUTO_INCREMENT, AUTO_INCREMENT=8;

--
-- AUTO_INCREMENT untuk tabel `kategori`
--
ALTER TABLE `kategori`
  MODIFY `id_kategori` int(11) NOT NULL AUTO_INCREMENT, AUTO_INCREMENT=12;

--
-- AUTO_INCREMENT untuk tabel `penulis`
--
ALTER TABLE `penulis`
  MODIFY `id_penulis` int(11) NOT NULL AUTO_INCREMENT, AUTO_INCREMENT=9;

--
-- AUTO_INCREMENT untuk tabel `users`
--
ALTER TABLE `users`
  MODIFY `id` int(11) NOT NULL AUTO_INCREMENT, AUTO_INCREMENT=2;

--
-- Ketidakleluasaan untuk tabel pelimpahan (Dumped Tables)
--

--
-- Ketidakleluasaan untuk tabel `buku`
--
ALTER TABLE `buku`
  ADD CONSTRAINT `fk_kategori` FOREIGN KEY (`id_kategori`) REFERENCES `kategori` (`id_kategori`) ON UPDATE CASCADE,
  ADD CONSTRAINT `fk_penulis` FOREIGN KEY (`id_penulis`) REFERENCES `penulis` (`id_penulis`) ON UPDATE CASCADE;
COMMIT;

/*!40101 SET CHARACTER_SET_CLIENT=@OLD_CHARACTER_SET_CLIENT */;
/*!40101 SET CHARACTER_SET_RESULTS=@OLD_CHARACTER_SET_RESULTS */;
/*!40101 SET COLLATION_CONNECTION=@OLD_COLLATION_CONNECTION */;
